track_id,track_preview_url
3y4uSQwxHckyRcvafEilkN,https://p.scdn.co/mp3-preview/49feddf3bd39e3c2994237f3f58d1ba6a431a942?cid=63a77ff40e794a12ae216a18befde98c
0KURlSvVShmFDbw1oum9QS,https://p.scdn.co/mp3-preview/44156f608cdbaec89a8cc172ea78ac63c8e9eacf?cid=63a77ff40e794a12ae216a18befde98c
46vJQ8zGlk5ROgQAS7FggF,https://p.scdn.co/mp3-preview/99b572ea9fbff34f64adc26c329f23cf8ee6618d?cid=63a77ff40e794a12ae216a18befde98c
7s7tnZE05RMouEnwcUhqQo,https://p.scdn.co/mp3-preview/d5c74163c61867f272c8c829a9f5bb5d02377b5c?cid=63a77ff40e794a12ae216a18befde98c
0tV8pOpiNsKqUys0ilUcXz,https://p.scdn.co/mp3-preview/21b2fabb6435c0b766d491dbd9be019c803202b6?cid=63a77ff40e794a12ae216a18befde98c
3O37piDdI2kyDnhJrPmZs0,https://p.scdn.co/mp3-preview/c67893b97287d7464fa6ae7a068db8d967602499?cid=63a77ff40e794a12ae216a18befde98c
6pzsnbNRn8pm84lLvppo4l,https://p.scdn.co/mp3-preview/cef787e986c72dc88273329ca7807832ae42bb11?cid=63a77ff40e794a12ae216a18befde98c
7daI4h2h7PZ5Rl858G1YMf,https://p.scdn.co/mp3-preview/6998580a10e9aeab7eecdb006d4ea375b28c280d?cid=63a77ff40e794a12ae216a18befde98c
7FI63EqRLE5SFcfViWIASS,https://p.scdn.co/mp3-preview/fdf1bc25b336dcc62090ded26463f3b3e39d1c9c?cid=63a77ff40e794a12ae216a18befde98c
4rmPQGwcLQjCoFq5NrTA0D,https://p.scdn.co/mp3-preview/f16e6a893a8a7322d2613abfd82a48f6f74a853f?cid=63a77ff40e794a12ae216a18befde98c
